dataset,model,num_queries,retrieval_avg_sec,llm_avg_sec,endpoint_avg_sec,retrieval_total_sec,llm_total_sec,endpoint_total_sec
metaqa,metaqa_llama3_1_8b_pure_jordan,9947,0.4343935932441558,0.48466595934450746,0.9190595525886632,4320.913071999617,4820.972297599816,9141.885369599433
metaqa,metaqa_llama3_2_1b_pure_jordan,9947,0.43439131173225465,0.45690089934653516,0.8912922110787898,4320.890377800737,4544.793245799985,8865.683623600722
metaqa,metaqa_mistral_7b_pure_jordan,9947,0.4459749968632714,0.27515200517753263,0.721127002040804,4436.1132937989605,2736.936995500917,7173.0502892998775
metaqa,metaqa_phi3_mini_pure_jordan,9088,0.4401900132593095,0.22768765168360833,0.6678776649429178,4000.4468405006046,2069.2253785006324,6069.672219001237
wc14,wc2014_llama3_2_1b_jordan,31,0.32682825483648376,0.9902477258048396,1.3170759806413233,10.131675899930997,30.697679499950027,40.829355399881024
